﻿<Ui xmlns="http://www.blizzard.com/wow/ui/" xmlns:xsi="http://www.w3.org/2001/XMLSchema-instance" xsi:schemaLocation="http://www.blizzard.com/wow/ui/..\FrameXML\UI.xsd">
	<Script file="Poisoner.lua"/>

	<GameTooltip name="PoisonerTooltip" frameStrata="TOOLTIP" hidden="true" parent="UIParent" inherits="GameTooltipTemplate" />
	<GameTooltip name="PoisonerScannerTooltip" inherits="GameTooltipTemplate"/>

	<Frame name="PoisonerStateHeader" parent="UIParent" inherits="SecureHandlerBaseTemplate,SecureHandlerStateTemplate" hidden="false">
		<!-- tiny and offscreen -->
		<Size><AbsDimension x="1" y="1"/></Size>
		<Anchors>
			<Anchor point="BOTTOMLEFT" relativePoint="TOPRIGHT" relativeTo="UIParent"><Offset><AbsDimension x="0" y="0"/></Offset></Anchor>
		</Anchors>
		<Scripts>
			<OnLoad>
				Poisoner_OnLoad(self);
			</OnLoad>
			<OnEvent>
				Poisoner_OnEvent(self, event, ...);
			</OnEvent>
		</Scripts>
		<Attributes>
			<Attribute name="statemap-anchor-click" value="0:1;1:0"/>
			<Attribute name="statemap-anchor-enter" value="0:1"/>
			<Attribute name="statemap-anchor-leave" value=";"/>
			<Attribute name="delaystatemap-anchor-leave" value="1:0"/>
			<Attribute name="delaytimemap-anchor-leave" value="1:1"/>
			<Attribute name="delayhovermap-anchor-leave" value="1:true"/>
		</Attributes>	
	</Frame>
	
	<Button name="Poisoner_MinimapButton" frameStrata="LOW" toplevel="true" movable="true" virtual="true">
		<Size><AbsDimension x="32" y="32"/></Size>
		<NormalTexture file="Interface\AddOns\Poisoner\images\Poisoner_MMButton"/>
		<PushedTexture file="Interface\AddOns\Poisoner\images\Poisoner_MMButton"/>
	</Button>
	
	<Button name="Poisoner_MenuLabelTemplate" virtual="true" >
		<Size>
			<AbsDimension x="1" y="1"/>
		</Size>
		<ButtonText name="$parentText" justifyH="LEFT" justifyV="MIDDLE">
			<Anchors>
				<Anchor point="BOTTOMLEFT" relativeTo="$parent" relativePoint="TOPRIGHT">
					<Offset><AbsDimension x="0" y="0"/></Offset>
				</Anchor>
			</Anchors>
		</ButtonText>
		
		<NormalFont style="GameFontNormalSmall"/>
		<HighlightFont style="GameFontNormalSmall"/>
		<DisabledFont style="GameFontNormalSmall"/>
		
		<PushedTextOffset>
			<AbsDimension x="0" y="0" />
        </PushedTextOffset>
	</Button>  
	
	<!--
	<Button name="Poisoner_FreeButton" parent="PoisonerStateHeader" inherits="SecureAnchorEnterTemplate" toplevel="true" hidden="true" frameStrata="LOW" enableMouse="true" movable="true">
		<NormalTexture file="Interface\AddOns\Poisoner\images\Poisoner_MMButton"/>
		<HighlightTexture alphaMode="ADD" file="Interface\AddOns\Poisoner\images\Poisoner_MMButton"/>
		<Size>
			<AbsDimension x="30" y="30"/>
		</Size>
		<Anchors>
			<Anchor point="BOTTOM" relativeTo="Minimap">
				<Offset>
					<AbsDimension x="-72" y="112"/>
				</Offset>
			</Anchor>
		</Anchors>
		<Scripts>
			<OnLoad>
				self:RegisterForClicks("LeftButtonUp","RightButtonUp");
				self:RegisterForDrag("LeftButton");
				Poisoner_OnLoad(self);
			</OnLoad>
			<OnEvent>
				Poisoner_OnEvent(self, event);
			</OnEvent>
			<OnDragStart>
				Poisoner_OnDragStart(self);
			</OnDragStart>
			<OnDragStop>
				Poisoner_OnDragStop(self);
			</OnDragStop>
			<OnMouseUp>
                if (button=="RightButton") then
					PoisonerOptions_ToggleSettings();
				else
					PoisonerMenu_Toggle();
				end
			</OnMouseUp>
		</Scripts>
		<Attributes>
			<Attribute name="anchorchild" value="$parent"/>
			<Attribute name="childstate-OnEnter" value="enter"/>
			<Attribute name="childstate-OnLeave" value="leave"/>
		</Attributes>
	</Button>
	-->



	<!-- Poisoner Menu -->
	<Frame name="PoisonerMenu" parent="PoisonerStateHeader" inherits="SecureFrameTemplate, SecureHandlerEnterLeaveTemplate" frameStrata="HIGH" hidden="true">
		<Size>
			<AbsDimension x="240" y="36"/>
		</Size>
		<Anchors>
			<Anchor point="TOPRIGHT" relativeTo="PoisonerStateHeader" relativePoint="LEFT"/>
		</Anchors>
		<Frames>
			<!-- Child button frames are created dynamically -->
		</Frames>
		<Scripts>
			<OnLoad>
				self:GetParent():SetAttribute("addchild", self);
				tinsert(UISpecialFrames, self:GetName());
				<!-- self:SetAttribute("_onenter", [[ self:Show() ]]) -->
				<!-- self:SetAttribute("_onleave", [[ self:Hide() ]]) -->
			</OnLoad>
			<OnShow>
				Poisoner_OnMenuShow();
			</OnShow>
		</Scripts>
		<Attributes>
			<Attribute name="showstates" value="1"/>
			<Attribute name="delaystate" value="1:0"/>
			<Attribute name="delaytime" value="1:1"/>
			<Attribute name="delayhover" value="1:true"/>
		</Attributes>
	</Frame>
	
	<CheckButton name="PoisonerItemButtonTemplate" inherits="ActionButtonTemplate, SecureActionButtonTemplate, SecureHandlerEnterLeaveTemplate, SecureHandlerAttributeTemplate,SecureHandlerDragTemplate,SecureHandlerMouseUpDownTemplate" frameStrata="HIGH" toplevel="true" virtual="true">
		<Size><AbsDimension x="36" y="36"/></Size>
		<Layers>
			<Layer level="ARTWORK">
				<Texture name="$parentIcon">
					<Size>
						<AbsDimension x="36" y="36"/>
					</Size>
					<Anchors>
						<Anchor point="CENTER">
							<Offset>
								<AbsDimension x="0" y="0"/>
							</Offset>
						</Anchor>
					</Anchors>
				</Texture>
				<FontString name="$parentName" font="GameFontHighlight" justifyH="LEFT">
					<Size>
						<AbsDimension x="170" y="34"/>
					</Size>
					<Anchors>
						<Anchor point="LEFT" relativeTo="$parentIcon" relativePoint="RIGHT">
							<Offset>
								<AbsDimension x="4" y="0"/>
							</Offset>
						</Anchor>
						<Anchor point="RIGHT"/>
					</Anchors>
				</FontString>
			</Layer>
			<Layer level="BACKGROUND">
				<Texture name="$parentHighlight" file="Interface\QuestFrame\UI-QuestLogTitleHighlight" hidden="true" alphaMode="ADD">
					<Size>
						<AbsDimension x="210" y="36"/>
					</Size>
					<Anchors>
						<Anchor point="TOPLEFT"/>
					</Anchors>
				</Texture>
			</Layer>
		</Layers>
	<!--	<Scripts>
			<OnLoad>
				self.elapsed = 0;
				self.updateDelay = 2;
				self.needUpdate = false;
				self:RegisterForClicks("LeftButtonDown", "RightButtonDown", "MiddleButtonDown");
			</OnLoad>
			<OnUpdate>
				Poisoner_OnItemButtonUpdate(self, elapsed);
			</OnUpdate>
			<PostClick>
				Poisoner_OnItemButtonClick(self, button);
				PoisonerOptions_CheckPoisons()
			</PostClick>
		</Scripts>-->
	</CheckButton>
	
	
	<Frame name="Poisoner_QuickButton_Overlay" parent="UIParent" inherits="SecureFrameTemplate" frameStrata="MEDIUM" hidden="true">
		<Size>
			<AbsDimension x="36" y="36"/>
		</Size>
		<Anchors>
			<Anchor point="CENTER" relativeTo="UIParent" relativePoint="CENTER"/>
		</Anchors>
		<Frames>
			<!-- Nothing here -->
		</Frames>
	</Frame>	
	
	<CheckButton name="PoisonerReapplyTemplate" inherits="SecureActionButtonTemplate" frameStrata="HIGH" toplevel="true" virtual="true">
		<NormalTexture file="Interface\Icons\Ability_Creature_Poison_06"/>
		<HighlightTexture alphaMode="ADD" file="Interface\Icons\Ability_Creature_Poison_06"/>
		<Size><AbsDimension x="40" y="40"/></Size>
		<Scripts>
			<OnLoad>
				self.elapsed = 0;
				self.updateDelay = 2;
				self.needUpdate = false;
				self:RegisterForClicks("LeftButtonDown", "RightButtonDown", "MiddleButtonDown");
			</OnLoad>
			<OnUpdate>
			</OnUpdate>
			<PostClick>
			</PostClick>
		</Scripts>		
	</CheckButton>
	
	<CheckButton name="Poisoner_QuickButton" inherits="SecureActionButtonTemplate, SecureHandlerBaseTemplate, SecureHandlerAttributeTemplate" parent="Poisoner_QuickButton_Overlay" hidden="true">
		<Size><AbsDimension x="28" y="28"/></Size>
		<Anchors>
			<Anchor point="CENTER" relativePoint="CENTER" relativeTo="Poisoner_QuickButton_Overlay">
				<Offset>
					<AbsDimension x="0" y="0"/>
				</Offset>
			</Anchor>
		</Anchors>
		<NormalTexture file="Interface\Icons\Ability_Creature_Poison_06"/>
		<HighlightTexture alphaMode="ADD" file="Interface\Icons\Ability_Creature_Poison_06"/>
		<Layers>
			<Layer level="ARTWORK">
				<Texture name="$parentIcon">
					<Size>
						<AbsDimension x="28" y="28"/>
					</Size>
					<Anchors>
						<Anchor point="CENTER">
							<Offset>
								<AbsDimension x="-0.5" y="-0.5"/>
							</Offset>
						</Anchor>
					</Anchors>
				</Texture>
				<FontString name="$parentName" font="GameFontHighlight" justifyH="LEFT">
					<Size>
						<AbsDimension x="170" y="24"/>
					</Size>
					<Anchors>
						<Anchor point="LEFT" relativeTo="$parentIcon" relativePoint="RIGHT">
							<Offset>
								<AbsDimension x="4" y="0"/>
							</Offset>
						</Anchor>
						<Anchor point="RIGHT"/>
					</Anchors>
				</FontString>
			</Layer>
			<Layer level="BACKGROUND">
				<Texture name="$parentHighlight" file="Interface\QuestFrame\UI-QuestLogTitleHighlight" hidden="true" alphaMode="ADD">
					<Size>
						<AbsDimension x="210" y="24"/>
					</Size>
					<Anchors>
						<Anchor point="TOPLEFT"/>
					</Anchors>
				</Texture>
			</Layer>
		</Layers>
	</CheckButton>
	

</Ui>
