﻿<Ui xmlns="http://www.blizzard.com/wow/ui/" xmlns:xsi="http://www.w3.org/2001/XMLSchema-instance" 
xsi:schemaLocation="http://www.blizzard.com/wow/ui/
..\FrameXML\UI.xsd">

<!-- TimerFrame -->
	<Frame name="PoisonerTimer_Frame" enableMouse="false" movable="false" hidden="false" parent="UIParent">
		<Size>
			<AbsDimension x="1" y="1"/>
		</Size>
		<Anchors>
			<Anchor point="CENTER" relativeTo="UIParent" relativePoint="CENTER">
				<Offset x="0" y="0"/>
			</Anchor>
		</Anchors>
		<Layers>
			<Layer>
			</Layer>
		</Layers>
		
		<Frames>
		</Frames>
		
		<Scripts>
			<OnLoad>
				PoisonerTimer_CreateIconFrame()
			</OnLoad>
			<OnEvent>
			</OnEvent>
			<OnUpdate>
			</OnUpdate>
			<OnDragStart>
			</OnDragStart>
			<OnDragStop>
			</OnDragStop>
		</Scripts>
	</Frame>
	
</Ui>